DROP DATABASE IF EXISTS empresa_portuaria;
create database empresa_portuaria;
use empresa_portuaria;

CREATE TABLE navio (
  nome varchar(100) NOT NULL,
  capacidade FLOAT NOT NULL,
  comprimento FLOAT NOT NULL,
  calado FLOAT NOT NULL,
  PRIMARY KEY (nome)
);

CREATE TABLE porto (
  nome varchar(100) NOT NULL,
  endereco varchar(255) NOT NULL,
  tipo varchar(10) NOT NULL,
  capacidade_estocagem INT NOT NULL,
  PRIMARY KEY (nome)
);

CREATE TABLE agente (
  codigo INT UNSIGNED NOT NULL AUTO_INCREMENT,
  nome varchar(100) NOT NULL,
  nome_porto varchar(100) NOT NULL,
  PRIMARY KEY (codigo),
  CONSTRAINT porto_agente_fk FOREIGN KEY (nome_porto) REFERENCES porto (nome)
);

CREATE TABLE carga (
  numero INT UNSIGNED NOT NULL AUTO_INCREMENT,
  peso FLOAT NOT NULL,
  codigo INT UNSIGNED NOT NULL,
  tipo varchar(10) NOT NULL,
  data_validade varchar(11) DEFAULT NULL,
  temperatura_maxima FLOAT DEFAULT NULL,
  nome_navio varchar(100) NOT NULL,
  nome_porto varchar(100) NOT NULL,
  data_maxima_desembarque varchar(11) NOT NULL,
  PRIMARY KEY (numero),
  CONSTRAINT agente_carga_fk FOREIGN KEY (codigo) REFERENCES agente (codigo)ON DELETE CASCADE,
  CONSTRAINT navio_carga_fk FOREIGN KEY (nome_navio) REFERENCES navio (nome)ON UPDATE CASCADE,
  CONSTRAINT porto_carga_fk FOREIGN KEY (nome_porto) REFERENCES porto (nome)ON UPDATE CASCADE
);

CREATE TABLE rota (
  nome_navio varchar(100) NOT NULL,
  nome_porto varchar(100) NOT NULL,
  PRIMARY KEY (nome_navio,nome_porto),
  CONSTRAINT navio_rota_fk FOREIGN KEY (nome_navio) REFERENCES navio (nome) ON UPDATE CASCADE,
  CONSTRAINT porto_rota_fk FOREIGN KEY (nome_porto) REFERENCES porto (nome) ON UPDATE CASCADE
);

-- POPULANDO TABELA NAVIO
INSERT INTO navio (nome,capacidade,comprimento,calado) VALUES ("Celeste Dorsey",99,65,43),
("Alisa Cervantes",32,123,29),("Quinn Clements",43,134,44),("Phyllis Allison",97,58,30),
("Jocelyn Larsen",69,163,32),("Alyssa Beasley",31,174,26),("Lucy Stout",22,109,29),
("Ursula Hickman",15,180,40),("Regan Mcgee",70,65,31),("Flavia Bowen",63,178,32),
("Jade Raymond",79,61,24),("Kelsey Faulkner",71,54,44),("Maggie Rivers",70,124,42),
("Hadassah Lancaster",83,58,49),("Clio Mills",30,182,44),("Dora Pate",81,82,31),
("Selma Daniel",57,86,25),("Echo Sullivan",38,177,23),("Whilemina Lowe",39,81,50),
("Haley Love",55,111,25),("Carol Mcintyre",94,174,28),("Hayfa Solis",95,195,46),
("Imogene Stafford",43,138,33),("Patience Yang",100,175,43),("Kay Jarvis",14,156,34),
("Lois Fuller",55,162,50),("Petra Rodriguez",84,147,20),("Chava Dawson",77,97,50),
("Rachel Cardenas",71,191,39),("Janna Buckley",34,182,43),("Jana Banks",55,59,32),
("Glenna Cote",26,147,23),("Indigo Velazquez",84,186,23),("Hillary Farley",58,107,40),
("Kirestin Roberts",50,120,33),("Petra Lindsey",44,198,24),("Anika Owens",77,141,25),
("Iliana Beck",41,184,35),("Bertha Joyner",24,66,34),("Erica Gregory",34,124,42),
("Marny Thompson",94,192,47),("Jessica Velez",14,80,43),("Beverly Newton",39,65,26),
("Cassidy Clements",38,85,43),("Noelle Hardin",58,161,49),("Alexandra Bray",16,95,25),
("Virginia Rocha",89,84,33),("Idola Klein",66,125,30),("Nyssa Olson",68,85,30),
("Amela Wells",87,164,26),("Ramona Schroeder",62,180,39),("Juliet Howe",74,105,40),
("Wanda Nolan",76,69,45),("Audra Mccarthy",24,155,32),("Mariko Bush",15,119,41),
("Remedios Rodgers",42,128,45),("Velma Black",59,104,43),("Colette Becker",44,161,32),
("Autumn Sparks",10,73,43),("Quin Cherry",71,78,23),("Imani Clayton",66,60,24),
("Yoshi Sosa",20,95,46),("Maya Cameron",57,188,49),("Linda Owen",71,67,44),
("Alyssa Blankenship",54,155,40),("Marah Olson",31,96,28),("Risa Becker",28,115,23),
("Sage Sparks",89,155,25),("Jacqueline Walsh",90,162,21),("Cheyenne Macias",83,145,30),
("Nina Rutledge",75,112,45),("Kay Lara",70,141,38),("Sandra Love",30,197,31),
("Macey Dodson",69,172,43),("Melyssa Wright",14,92,24),("Cleo Bright",25,70,27),
("Naida Buckner",64,183,47),("Rama Mayer",51,168,40),("Sarah Cardenas",55,174,32),
("Shea Campos",70,173,33),("Wynter Patterson",54,189,49),("Moana Lowe",56,186,38),
("Madison Cain",83,85,39),("Shelby Mcmahon",74,198,40),("Medge Casey",43,172,36),
("Meghan Bailey",56,84,36),("Kylee William",99,89,49),("Ori Montgomery",38,113,49),
("Isabelle Beasley",81,143,21),("Haley Holloway",92,168,24),("Gay Payne",58,125,33),
("Rebekah Ballard",41,162,20),("Rhoda Gamble",25,59,45),("Raya Gilmore",88,195,49),
("Michelle Rich",31,178,33),("Scarlett Blevins",15,156,46),("Darryl Franks",58,141,23),
("Jillian Melton",29,76,50),("Chelsea Levy",16,74,24),("Leah Poole",26,77,45);

-- POPULANDO TABELA PORTO
INSERT INTO porto (nome,endereco,tipo,capacidade_estocagem) VALUES ("Maransart","4378 Enim. Rd.","maritimo",572583),
("Athens","Ap #247-5908 Morbi Rd.","maritimo",745328),("Roio del Sangro","351-4836 Sodales Rd.","maritimo",150416),
("Calmar","Ap #238-7883 Ac Ave","maritimo",644586),("Honolulu","2175 Semper St.","maritimo",164691),
("Vegreville","2363 Non St.","maritimo",124203),("Vieuxville","1056 Mauris Avenue","maritimo",371791),
("Castelbianco","3864 Nisi. Avenue","maritimo",499803),("Algeciras","3778 Rutrum Street","fluvial",591173),
("Sundrie","Ap #107-5460 Quam. Rd.","maritimo",806705),("Alvito","Ap #678-1784 Duis Ave","fluvial",595612),
("Rocca Santo Stefano","P.O. Box 605, 8456 Ultrices, Ave","maritimo",825190),("LouveignŽ","282-8219 Massa Street","maritimo",304987),
("Haverhill","Ap #724-6634 Ac St.","fluvial",583015),("Stockholm","P.O. Box 899, 7442 Ante Av.","maritimo",19923),
("Paignton","P.O. Box 453, 6749 Tempus Avenue","fluvial",675771),("Oppido Mamertina","Ap #201-6601 Eu St.","maritimo",927894),
("Chippenham","Ap #929-4896 Vitae, Road","maritimo",332353),("Allentown","Ap #888-1286 Vitae Rd.","fluvial",416785),
("Vicuña","410-3025 Vulputate Rd.","maritimo",816260),("Patna","6117 Amet, Avenue","maritimo",33470),
("St. Thomas","164-8081 Fusce Av.","maritimo",431285),("Lives-sur-Meuse","Ap #930-9125 Dolor Avenue","fluvial",284319),
("Burcht","8256 Metus St.","fluvial",416709),("Bailivre","519-1488 A Street","maritimo",259381),
("San Ignacio","P.O. Box 498, 583 Ante, Ave","maritimo",268584),("Episcopia","P.O. Box 513, 5825 Sapien Rd.","fluvial",898783),
("Castellina in Chianti","394-6302 Suscipit St.","maritimo",948447),("Iqaluit","5527 Fermentum Ave","maritimo",643875),
("Macchia Valfortore","642 Egestas. Ave","fluvial",106370),("Prè-Saint-Didier","909-8517 Feugiat Rd.","fluvial",288981),
("Lunel","Ap #540-8707 Velit Rd.","maritimo",576774),("Aiello Calabro","Ap #817-5291 Nam Ave","maritimo",332913),
("Margate","P.O. Box 664, 8416 Egestas Road","fluvial",361148),("Placanica","P.O. Box 585, 4126 A, Rd.","fluvial",444423),
("Ananindeua","P.O. Box 471, 1610 Sapien. Rd.","fluvial",307512),("Okene","Ap #693-7315 Amet St.","maritimo",810579),
("Buken","Ap #161-6437 Ante Avenue","maritimo",613930),("Flin Flon","1452 Lectus St.","maritimo",555552),
("Springfield","Ap #176-8933 Taciti Av.","fluvial",498212),("Mount Isa","P.O. Box 535, 2324 In, Street","fluvial",552485),
("Bangor","473-2482 Dignissim Street","fluvial",111530),("Appleby","P.O. Box 407, 7138 Montes, Rd.","fluvial",807521),
("Meux","Ap #232-2506 Velit. Street","fluvial",850243),("Bocchigliero","673-6547 Nulla. Road","fluvial",788277),
("Wolfville","151-3201 Mauris St.","maritimo",685663),("Baton Rouge","Ap #683-1050 Placerat, Rd.","maritimo",240624),
("Sierning","Ap #362-9514 In Av.","fluvial",21994),("Topeka","Ap #753-2606 Eu St.","fluvial",920627),
("York","2889 Urna St.","maritimo",342882),("Ajmer","823-9211 Elementum Street","maritimo",182370),
("Wolverhampton","P.O. Box 656, 1750 Mi Rd.","fluvial",193551),("Leke","8061 Vitae Rd.","fluvial",51419),
("Birecik","Ap #654-1304 Aliquam Street","fluvial",270842),("Dingwall","Ap #442-187 Ac Avenue","fluvial",848587),
("Monte Giberto","122 Tincidunt Rd.","fluvial",791525),("Aiseau","Ap #151-2926 Fusce Av.","fluvial",317876),
("Viddalba","Ap #882-9732 Purus. Av.","fluvial",60229),("Spijkenisse","Ap #835-8273 Luctus Rd.","fluvial",731976),
("Bienne-lez-Happart","P.O. Box 891, 3943 Sem St.","maritimo",712864),("Cerchio","2219 Rhoncus. Rd.","maritimo",962532),
("Campbelltown","7375 Ridiculus Rd.","maritimo",456745),("Guwahati","P.O. Box 837, 8306 Curae; Road","fluvial",460919),
("Montluçon","P.O. Box 735, 2693 Et, Road","maritimo",899922),("Muridke","P.O. Box 173, 110 Hendrerit Ave","maritimo",730690),
("Treglio","1479 Lorem, Road","maritimo",480833),("Termes","6576 Sem St.","maritimo",944386),
("Eisenstadt","2562 Malesuada Road","maritimo",121247),("Newark","Ap #448-6827 Ullamcorper. Rd.","fluvial",784384),
("Stranraer","Ap #379-7969 Nullam Avenue","maritimo",556172),("San Giorgio Albanese","P.O. Box 785, 3081 Erat Avenue","maritimo",407122),
("Minto","2598 Lacus, Rd.","maritimo",639320),("Satna","Ap #589-165 Dolor. Rd.","maritimo",390647),
("Caen","3067 Pellentesque. St.","maritimo",432114),("Stevoort","P.O. Box 584, 8449 Nunc Av.","fluvial",834860),
("Tacoma","756-1313 Purus. St.","fluvial",221581),("Oakham","Ap #972-3283 Luctus Avenue","fluvial",859405),
("Guna","6792 Sapien. Rd.","maritimo",157280),("Ceppaloni","762-9192 Nulla Ave","maritimo",241997),
("Geelong","1739 Odio Ave","maritimo",61818),("Rexton","6800 Et Ave","fluvial",536657),
("Angoulême","Ap #362-8558 Molestie Av.","maritimo",994224),("Blackwood","P.O. Box 309, 8840 Nec Rd.","fluvial",595672),
("Tomé","841-8031 Ornare. Rd.","maritimo",119532),("Brampton","P.O. Box 643, 733 Ultricies Rd.","maritimo",291064),
("Hattem","483-8684 Lacus. Ave","fluvial",613680),("Orangeville","536-8113 Dignissim St.","fluvial",136413),
("Dro","Ap #454-7524 Sed St.","fluvial",863239),("Enns","939-6722 Etiam St.","maritimo",790411),
("Paulatuk","Ap #959-4870 A, Avenue","fluvial",504848),("Recanati","Ap #576-6951 Curabitur Road","maritimo",999185),
("Jodhpur","P.O. Box 318, 7529 Dui. Road","maritimo",639272),("Gold Coast","748-3966 Tincidunt Road","fluvial",966652),
("Hudson Bay","822-5040 Mollis Street","fluvial",572723),("Stockton-on-Tees","Ap #111-653 Cursus. Av.","fluvial",335442),
("Harelbeke","1434 Lobortis Street","fluvial",928678),("Latisana","8570 Et, Street","maritimo",320150),
("Allahabad","Ap #278-8820 Vulputate St.","fluvial",904791),("Apeldoorn","825-8230 Ante. Street","maritimo",875212),
("Avigliano Umbro","5999 Felis. Rd.","fluvial",610873);

-- POPULANDO TABELA AGENTE
INSERT INTO agente (nome,nome_porto) VALUES ("Barclay Clay","Allentown"),("Malachi Fitzgerald","Guwahati"),
("Kevin Velasquez","Muridke"),("Salvador Brooks","Wolverhampton"),("Deanna Fletcher","Wolfville"),("Preston Gonzalez","Minto"),
("Neve Ray","Tomé"),("Curran Mcfadden","Lives-sur-Meuse"),("Ivana Cantrell","Flin Flon"),("Stephen Raymond","Jodhpur"),
("Dai Fletcher","Alvito"),("Emily Moore","Haverhill"),("Miriam Mcknight","Campbelltown"),("Amber Charles","Haverhill"),
("Tara Cochran","Mount Isa"),("Owen Witt","Stevoort"),("Jarrod Norton","Vegreville"),("Vielka Green","Dro"),
("Omar Guzman","Castelbianco"),("Daryl Jacobs","Newark"),("Karly Rodriguez","Apeldoorn"),("Paloma Yates","Ananindeua"),
("Aurelia Rush","Harelbeke"),("Amery Daugherty","St. Thomas"),("Paul Cochran","Lunel"),("Jayme Black","Termes"),
("Igor Dillard","Monte Giberto"),("Curran Boone","Castelbianco"),("Beck Mendoza","Latisana"),("Clare Bird","Recanati"),
("Tad Everett","Bienne-lez-Happart"),("Nolan Hunt","Okene"),("Elizabeth Holden","Patna"),("Kibo Vargas","Enns"),
("Isaiah Smith","Hudson Bay"),("Dieter Brock","Avigliano Umbro"),("Reuben Garrett","Vegreville"),("Grady Nichols","Stranraer"),
("Valentine Watkins","Guwahati"),("Yolanda Valentine","Hattem"),("Dalton Bishop","Cerchio"),("Declan Holden","Brampton"),
("Marshall Cabrera","Latisana"),("Hedley Moss","Paignton"),("Hoyt Farley","Newark"),("Callie Ramirez","Sundrie"),
("Iola Blevins","Leke"),("Kyle Duncan","LouveignŽ"),("Tate Arnold","Avigliano Umbro"),("Plato Warren","Newark"),
("Penelope Wheeler","Buken"),("Patricia Bowers","Macchia Valfortore"),("Ulla Marshall","Enns"),("Sybil Wells","Springfield"),
("Dean Pickett","Roio del Sangro"),("Quemby Beard","Apeldoorn"),("Jeremy Osborn","Guwahati"),("Ursula Mccarty","Iqaluit"),
("Eliana Reid","Viddalba"),("Hermione Lancaster","Ceppaloni"),("Molly Wells","Satna"),("Lester Koch","Honolulu"),
("Kermit Casey","Treglio"),("Callum Huff","LouveignŽ"),("Luke Grant","Lives-sur-Meuse"),("Barrett Albert","Roio del Sangro"),
("Jolene Daniels","Termes"),("Suki Brooks","Rocca Santo Stefano"),("Jeanette Aguirre","Dingwall"),("Adena Shannon","Lunel"),
("Ulric Watson","Honolulu"),("Jeremy Herman","Recanati"),("Colorado Castaneda","Maransart"),("Quin Camacho","San Giorgio Albanese"),
("Thomas Lara","Rexton"),("Emi David","Spijkenisse"),("Hayfa Williams","Stockton-on-Tees"),("Leroy Mcfarland","Patna"),
("MacKenzie Booth","Recanati"),("Mollie Mccray","Satna"),("Herman Mercer","Allahabad"),("Dai Preston","Dingwall"),
("Alisa Branch","Macchia Valfortore"),("Scott Howard","Aiello Calabro"),("Hedley Travis","Prè-Saint-Didier"),
("Iris Mcguire","Newark"),("Jaden Sloan","St. Thomas"),("Ahmed Myers","Burcht"),("Kylee Padilla","Oakham"),
("Oscar Hess","Vicuña"),("Griffith Le","Dingwall"),("Amaya Briggs","Orangeville"),("Courtney Goodman","Sundrie"),
("Mufutau Grimes","Geelong"),("Edward Humphrey","Newark"),("Cora Hobbs","Haverhill"),("Lee Thomas","Wolfville"),
("Brody Williamson","Dro"),("Sean Guthrie","Tomé"),("Kelly Soto","Episcopia");

-- POPULANDO TABELA CARGA (PERECÍVEIS)
INSERT INTO carga (peso,codigo,tipo,data_validade,nome_navio,nome_porto,data_maxima_desembarque) VALUES 
(45,79,"perecivel","2019-07-24","Sandra Love","Muridke","2017-10-13"),
(429,28,"perecivel","2020-07-23","Rachel Cardenas","LouveignŽ","2015-12-01"),
(794,77,"perecivel","2019-08-01","Sarah Cardenas","Caen","2017-05-16"),
(705,98,"perecivel","2020-04-24","Remedios Rodgers","Caen","2015-11-24"),
(606,36,"perecivel","2019-11-15","Lois Fuller","Apeldoorn","2016-05-08"),
(848,12,"perecivel","2019-10-30","Hadassah Lancaster","St. Thomas","2015-09-27"),
(167,38,"perecivel","2019-03-28","Glenna Cote","Stevoort","2017-08-26"),
(367,21,"perecivel","2020-07-25","Ursula Hickman","Guna","2015-04-29"),
(323,31,"perecivel","2019-06-21","Cleo Bright","Macchia Valfortore","2018-06-25"),
(195,28,"perecivel","2019-03-04","Ori Montgomery","Calmar","2018-06-27"),
(760,58,"perecivel","2019-10-04","Ori Montgomery","Guna","2015-08-27"),
(85,100,"perecivel","2020-03-20","Autumn Sparks","Wolfville","2016-06-01"),
(663,11,"perecivel","2019-05-29","Marny Thompson","Satna","2015-11-20"),
(423,84,"perecivel","2020-07-14","Naida Buckner","Castelbianco","2018-02-14"),
(340,64,"perecivel","2020-06-07","Patience Yang","Spijkenisse","2017-06-28"),
(890,71,"perecivel","2020-06-19","Cheyenne Macias","Bocchigliero","2015-03-19"),
(8,39,"perecivel","2019-10-31","Melyssa Wright","Stockton-on-Tees","2016-04-23"),
(423,67,"perecivel","2020-10-03","Anika Owens","Sundrie","2015-07-14"),
(467,65,"perecivel","2019-12-01","Whilemina Lowe","Tacoma","2017-02-10"),
(104,63,"perecivel","2020-10-20","Echo Sullivan","Orangeville","2015-03-06"),
(581,44,"perecivel","2020-11-07","Noelle Hardin","Spijkenisse","2017-11-26"),
(659,76,"perecivel","2020-08-14","Michelle Rich","Orangeville","2015-08-13"),
(726,57,"perecivel","2019-01-17","Sandra Love","Brampton","2016-01-24"),
(218,55,"perecivel","2019-09-04","Sarah Cardenas","Paulatuk","2016-04-05"),
(979,87,"perecivel","2019-06-24","Shelby Mcmahon","San Ignacio","2015-04-19"),
(300,35,"perecivel","2019-05-23","Imani Clayton","Castelbianco","2017-05-12"),
(236,30,"perecivel","2020-03-05","Medge Casey","Algeciras","2015-07-28"),
(768,62,"perecivel","2019-07-29","Autumn Sparks","Rocca Santo Stefano","2015-01-24"),
(890,7,"perecivel","2020-08-08","Audra Mccarthy","Roio del Sangro","2015-07-06"),
(49,57,"perecivel","2020-05-25","Rebekah Ballard","Wolfville","2015-04-07"),
(531,18,"perecivel","2020-07-05","Shea Campos","Athens","2016-02-20"),
(634,99,"perecivel","2019-02-05","Sandra Love","Jodhpur","2016-05-12"),
(308,3,"perecivel","2019-02-21","Glenna Cote","Maransart","2016-04-04"),
(534,50,"perecivel","2020-10-01","Wynter Patterson","Vieuxville","2016-04-11"),
(854,45,"perecivel","2019-07-20","Juliet Howe","Mount Isa","2015-06-11"),
(5,89,"perecivel","2020-10-07","Alexandra Bray","Ceppaloni","2018-07-14"),
(750,86,"perecivel","2020-08-19","Celeste Dorsey","York","2016-05-13"),
(352,76,"perecivel","2020-08-02","Kelsey Faulkner","Sierning","2018-05-01"),
(724,65,"perecivel","2020-05-22","Naida Buckner","Buken","2017-04-10"),
(26,68,"perecivel","2019-11-27","Maggie Rivers","Lives-sur-Meuse","2017-01-03"),
(437,97,"perecivel","2019-03-18","Jana Banks","Iqaluit","2017-10-06"),
(804,76,"perecivel","2019-02-06","Haley Holloway","Jodhpur","2016-01-03"),
(692,83,"perecivel","2019-03-07","Risa Becker","Macchia Valfortore","2015-01-05"),
(656,10,"perecivel","2019-04-05","Nina Rutledge","Patna","2015-09-28"),
(723,35,"perecivel","2020-07-10","Hayfa Solis","Bocchigliero","2017-11-12"),
(338,41,"perecivel","2020-08-07","Mariko Bush","Hudson Bay","2018-12-30"),
(317,49,"perecivel","2019-05-01","Hillary Farley","Stockton-on-Tees","2017-05-25"),
(493,11,"perecivel","2019-12-08","Leah Poole","Mount Isa","2017-01-07"),
(513,79,"perecivel","2019-05-26","Sage Sparks","Apeldoorn","2018-09-10"),
(155,27,"perecivel","2020-01-25","Haley Love","Guwahati","2017-01-31"),
(121,11,"perecivel","2019-04-05","Ori Montgomery","San Giorgio Albanese","2017-06-07"),
(133,82,"perecivel","2020-07-13","Carol Mcintyre","Allahabad","2018-11-15"),
(99,97,"perecivel","2019-03-14","Meghan Bailey","San Giorgio Albanese","2017-12-18"),
(663,45,"perecivel","2020-03-07","Jade Raymond","Apeldoorn","2017-08-05"),
(664,94,"perecivel","2019-09-08","Wynter Patterson","Episcopia","2018-10-28"),
(568,74,"perecivel","2019-06-27","Alyssa Beasley","Termes","2016-05-31"),
(311,94,"perecivel","2019-04-13","Janna Buckley","St. Thomas","2016-10-28"),
(65,3,"perecivel","2019-12-02","Darryl Franks","Burcht","2017-10-31"),
(470,35,"perecivel","2019-08-23","Phyllis Allison","Allentown","2015-02-28"),
(925,70,"perecivel","2019-05-28","Hillary Farley","Tacoma","2018-06-28"),
(972,28,"perecivel","2019-11-22","Moana Lowe","Sundrie","2016-08-13"),
(572,99,"perecivel","2020-03-18","Marah Olson","Meux","2018-06-19"),
(903,96,"perecivel","2020-11-08","Naida Buckner","LouveignŽ","2017-07-14"),
(134,44,"perecivel","2019-01-21","Imani Clayton","Baton Rouge","2017-12-19"),
(396,73,"perecivel","2019-05-22","Celeste Dorsey","Buken","2016-04-19"),
(591,74,"perecivel","2019-09-18","Idola Klein","Topeka","2016-04-20"),
(862,35,"perecivel","2020-11-23","Carol Mcintyre","Alvito","2015-05-10"),
(926,92,"perecivel","2019-10-20","Shelby Mcmahon","Hudson Bay","2015-09-15"),
(100,59,"perecivel","2019-05-25","Velma Black","Meux","2015-05-27"),
(42,74,"perecivel","2020-10-17","Whilemina Lowe","Jodhpur","2015-01-30"),
(890,85,"perecivel","2019-10-22","Indigo Velazquez","Viddalba","2015-12-09"),
(80,56,"perecivel","2020-05-04","Autumn Sparks","Satna","2017-07-31"),
(113,18,"perecivel","2020-07-07","Hadassah Lancaster","Mount Isa","2015-04-01"),
(487,49,"perecivel","2019-02-05","Meghan Bailey","Brampton","2015-09-01"),
(590,29,"perecivel","2019-11-01","Iliana Beck","Ajmer","2016-06-20"),
(476,62,"perecivel","2020-02-11","Whilemina Lowe","Rexton","2018-10-19"),
(644,28,"perecivel","2020-11-22","Rebekah Ballard","Bocchigliero","2016-08-23"),
(475,33,"perecivel","2019-03-15","Lucy Stout","Burcht","2015-07-04"),
(782,92,"perecivel","2019-03-31","Maya Cameron","Enns","2015-05-09"),
(610,85,"perecivel","2020-04-15","Flavia Bowen","Latisana","2015-04-30"),
(172,11,"perecivel","2020-12-29","Wanda Nolan","Sundrie","2017-04-22"),
(48,41,"perecivel","2019-03-14","Marny Thompson","LouveignŽ","2018-12-10"),
(154,34,"perecivel","2019-07-31","Rebekah Ballard","Stockholm","2017-05-04"),
(734,94,"perecivel","2019-05-28","Petra Rodriguez","Algeciras","2017-08-04"),
(535,82,"perecivel","2020-12-27","Carol Mcintyre","Chippenham","2015-08-01"),
(135,35,"perecivel","2019-05-07","Cassidy Clements","Castelbianco","2015-04-08"),
(711,17,"perecivel","2019-04-20","Naida Buckner","Jodhpur","2015-05-24"),
(510,8,"perecivel","2019-01-28","Quin Cherry","Appleby","2018-06-29"),
(359,89,"perecivel","2020-02-10","Hayfa Solis","Guwahati","2015-09-11"),
(318,81,"perecivel","2020-01-25","Petra Rodriguez","Satna","2017-10-23"),
(491,46,"perecivel","2019-11-24","Gay Payne","Wolverhampton","2015-05-19"),
(658,96,"perecivel","2019-11-08","Bertha Joyner","Muridke","2018-09-22"),
(725,83,"perecivel","2019-01-03","Juliet Howe","Topeka","2016-02-01"),
(461,97,"perecivel","2020-09-22","Hillary Farley","Satna","2017-10-04"),
(590,76,"perecivel","2019-12-02","Linda Owen","Paulatuk","2018-11-11"),
(974,26,"perecivel","2019-09-08","Jana Banks","Baton Rouge","2017-10-17"),
(622,75,"perecivel","2020-03-30","Beverly Newton","Lives-sur-Meuse","2015-04-04"),
(315,47,"perecivel","2019-08-04","Alisa Cervantes","Bocchigliero","2015-09-22"),
(538,88,"perecivel","2020-03-08","Naida Buckner","Hattem","2015-08-06"),
(69,92,"perecivel","2020-05-07","Ramona Schroeder","Recanati","2018-07-19");

-- POPULANDO TABELA CARGA (SENSÍVEIS)
INSERT INTO carga (peso,codigo,tipo,temperatura_maxima,nome_navio,nome_porto,data_maxima_desembarque) VALUES 
(592,21,"sensivel",98,"Maya Cameron","Bocchigliero","2015-12-27"),
(416,63,"sensivel",49,"Cheyenne Macias","Lives-sur-Meuse","2018-01-07"),
(560,18,"sensivel",22,"Macey Dodson","Patna","2018-09-12"),
(222,64,"sensivel",42,"Whilemina Lowe","Recanati","2018-12-21"),
(779,26,"sensivel",51,"Regan Mcgee","Buken","2016-01-18"),
(628,54,"sensivel",11,"Naida Buckner","Guna","2017-11-03"),
(571,12,"sensivel",18,"Mariko Bush","Bangor","2017-06-03"),
(699,61,"sensivel",96,"Hillary Farley","Meux","2018-04-07"),
(433,10,"sensivel",90,"Jillian Melton","Paulatuk","2017-08-20"),
(239,25,"sensivel",60,"Imogene Stafford","York","2018-10-20"),
(252,31,"sensivel",98,"Alexandra Bray","Treglio","2016-01-13"),
(805,57,"sensivel",0,"Selma Daniel","Okene","2015-01-22"),
(538,43,"sensivel",36,"Kay Jarvis","Macchia Valfortore","2018-03-21"),
(162,30,"sensivel",61,"Alyssa Beasley","Appleby","2015-10-10"),
(897,35,"sensivel",65,"Gay Payne","Tomé","2016-03-16"),
(775,32,"sensivel",13,"Cheyenne Macias","Newark","2016-12-04"),
(822,45,"sensivel",89,"Velma Black","San Ignacio","2015-07-27"),
(926,59,"sensivel",34,"Bertha Joyner","Tomé","2018-08-21"),
(461,5,"sensivel",55,"Selma Daniel","Birecik","2018-08-01"),
(696,4,"sensivel",46,"Petra Rodriguez","Guwahati","2016-10-02"),
(521,37,"sensivel",73,"Nina Rutledge","Guna","2017-07-17"),
(536,48,"sensivel",61,"Alexandra Bray","Lives-sur-Meuse","2018-09-24"),
(746,35,"sensivel",9,"Marah Olson","Recanati","2018-01-13"),
(653,20,"sensivel",100,"Echo Sullivan","Springfield","2018-07-05"),
(963,97,"sensivel",57,"Chava Dawson","Meux","2016-04-20"),
(915,6,"sensivel",51,"Iliana Beck","Apeldoorn","2017-11-17"),
(258,37,"sensivel",23,"Dora Pate","Blackwood","2015-02-19"),
(641,27,"sensivel",69,"Sarah Cardenas","Bocchigliero","2017-02-21"),
(397,79,"sensivel",8,"Chava Dawson","Castellina in Chianti","2018-02-16"),
(64,78,"sensivel",25,"Glenna Cote","Monte Giberto","2016-04-30"),
(83,46,"sensivel",35,"Erica Gregory","Wolverhampton","2017-03-23"),
(783,7,"sensivel",12,"Maggie Rivers","San Ignacio","2018-10-30"),
(762,34,"sensivel",31,"Cassidy Clements","Flin Flon","2016-11-26"),
(788,61,"sensivel",51,"Wanda Nolan","Placanica","2016-01-03"),
(723,58,"sensivel",58,"Audra Mccarthy","Wolfville","2015-10-08"),
(233,37,"sensivel",77,"Velma Black","Vieuxville","2017-02-14"),
(311,57,"sensivel",32,"Hadassah Lancaster","Buken","2015-03-21"),
(194,13,"sensivel",46,"Wanda Nolan","Campbelltown","2016-03-21"),
(994,75,"sensivel",42,"Lois Fuller","Dro","2016-07-13"),
(681,62,"sensivel",79,"Rhoda Gamble","Oppido Mamertina","2015-04-25"),
(810,38,"sensivel",37,"Remedios Rodgers","Appleby","2017-07-06"),
(345,62,"sensivel",12,"Wanda Nolan","Cerchio","2016-09-26"),
(576,52,"sensivel",7,"Iliana Beck","Spijkenisse","2016-02-27"),
(982,59,"sensivel",41,"Jessica Velez","Honolulu","2018-01-20"),
(333,64,"sensivel",10,"Beverly Newton","Calmar","2015-05-13"),
(445,51,"sensivel",71,"Rhoda Gamble","Baton Rouge","2016-04-15"),
(111,85,"sensivel",88,"Chelsea Levy","Athens","2017-11-16"),
(737,22,"sensivel",47,"Shea Campos","Allentown","2018-12-04"),
(839,1,"sensivel",3,"Jessica Velez","Apeldoorn","2017-10-30"),
(311,76,"sensivel",18,"Kylee William","Allentown","2015-03-26"),
(166,52,"sensivel",1,"Dora Pate","Honolulu","2017-12-14"),
(78,3,"sensivel",7,"Rhoda Gamble","Recanati","2018-12-15"),
(438,53,"sensivel",61,"Remedios Rodgers","Haverhill","2018-06-17"),
(240,67,"sensivel",92,"Flavia Bowen","Aiseau","2016-01-17"),
(560,72,"sensivel",26,"Jillian Melton","Spijkenisse","2018-09-05"),
(257,8,"sensivel",73,"Kylee William","Vicuña","2015-08-28"),
(709,82,"sensivel",57,"Velma Black","Vegreville","2015-06-13"),
(865,14,"sensivel",17,"Imogene Stafford","Prè-Saint-Didier","2017-04-23"),
(81,75,"sensivel",51,"Janna Buckley","Treglio","2016-04-01"),
(831,17,"sensivel",15,"Wanda Nolan","Macchia Valfortore","2016-03-14"),
(809,59,"sensivel",62,"Anika Owens","Burcht","2015-02-01"),
(964,84,"sensivel",68,"Leah Poole","Patna","2016-05-19"),
(638,77,"sensivel",26,"Ori Montgomery","Monte Giberto","2017-11-26"),
(83,41,"sensivel",51,"Amela Wells","Chippenham","2015-11-22"),
(651,55,"sensivel",93,"Shelby Mcmahon","Buken","2016-05-09"),
(349,6,"sensivel",71,"Petra Lindsey","Stockholm","2015-10-23"),
(277,56,"sensivel",98,"Shea Campos","Guna","2017-08-11"),
(193,88,"sensivel",16,"Nina Rutledge","Tomé","2015-07-21"),
(229,20,"sensivel",40,"Chelsea Levy","Vegreville","2017-07-29"),
(630,58,"sensivel",63,"Juliet Howe","Montluçon","2015-03-17"),
(795,24,"sensivel",64,"Jillian Melton","Flin Flon","2018-09-12"),
(685,91,"sensivel",85,"Darryl Franks","Maransart","2015-07-12"),
(122,69,"sensivel",10,"Selma Daniel","Leke","2015-08-03"),
(503,90,"sensivel",17,"Shea Campos","LouveignŽ","2017-09-24"),
(1,7,"sensivel",96,"Idola Klein","Termes","2016-03-10"),
(27,47,"sensivel",55,"Imogene Stafford","Rocca Santo Stefano","2017-04-10"),
(944,14,"sensivel",83,"Risa Becker","Spijkenisse","2015-03-02"),
(375,18,"sensivel",40,"Rachel Cardenas","Alvito","2016-02-28"),
(868,76,"sensivel",32,"Indigo Velazquez","Wolfville","2017-05-06"),
(50,65,"sensivel",12,"Jillian Melton","Bienne-lez-Happart","2018-02-08"),
(482,11,"sensivel",86,"Petra Lindsey","Roio del Sangro","2018-09-21"),
(524,61,"sensivel",90,"Melyssa Wright","Algeciras","2017-08-12"),
(4,24,"sensivel",38,"Jana Banks","Lunel","2018-12-11"),
(834,81,"sensivel",91,"Dora Pate","Dingwall","2016-07-05"),
(180,44,"sensivel",94,"Darryl Franks","Bangor","2015-08-05"),
(491,24,"sensivel",20,"Sarah Cardenas","Macchia Valfortore","2015-06-22"),
(441,19,"sensivel",62,"Sarah Cardenas","Ajmer","2015-06-29"),
(741,7,"sensivel",60,"Virginia Rocha","Jodhpur","2018-03-22"),
(951,75,"sensivel",27,"Glenna Cote","Ajmer","2017-04-16"),
(33,85,"sensivel",3,"Clio Mills","Alvito","2016-06-09"),
(472,5,"sensivel",61,"Idola Klein","Vicuña","2015-01-02"),
(373,56,"sensivel",92,"Wanda Nolan","Burcht","2018-11-19"),
(984,90,"sensivel",92,"Haley Holloway","Dro","2018-05-28"),
(961,5,"sensivel",59,"Gay Payne","Rocca Santo Stefano","2017-06-09"),
(8,31,"sensivel",86,"Alyssa Beasley","San Giorgio Albanese","2018-02-21"),
(837,1,"sensivel",15,"Celeste Dorsey","Stockton-on-Tees","2016-01-06"),
(876,74,"sensivel",81,"Remedios Rodgers","San Ignacio","2017-12-31"),
(242,55,"sensivel",58,"Scarlett Blevins","Sundrie","2017-05-11"),
(482,86,"sensivel",66,"Petra Rodriguez","Calmar","2018-09-01"),
(970,14,"sensivel",74,"Sandra Love","Bailivre","2017-10-12");

-- POPULANDO TABELA ROTA
INSERT INTO rota (nome_navio,nome_porto) VALUES ("Cassidy Clements","Geelong"),("Chelsea Levy","Sundrie"),
("Cheyenne Macias","Honolulu"),("Mariko Bush","Oppido Mamertina"),("Ramona Schroeder","Sundrie"),
("Bertha Joyner","Hudson Bay"),("Rebekah Ballard","Monte Giberto"),("Quin Cherry","Appleby"),
("Linda Owen","Allahabad"),("Flavia Bowen","Muridke"),("Jillian Melton","Bienne-lez-Happart"),
("Maya Cameron","Sundrie"),("Erica Gregory","Minto"),("Yoshi Sosa","Roio del Sangro"),
("Scarlett Blevins","Rocca Santo Stefano"),("Marah Olson","Campbelltown"),("Wanda Nolan","Geelong"),
("Virginia Rocha","Oppido Mamertina"),("Rebekah Ballard","Aiello Calabro"),("Hillary Farley","Jodhpur"),
("Jessica Velez","St. Thomas"),("Jacqueline Walsh","Okene"),("Iliana Beck","Gold Coast"),
("Anika Owens","Treglio"),("Nina Rutledge","Blackwood"),("Shelby Mcmahon","Algeciras"),
("Shelby Mcmahon","Wolverhampton"),("Audra Mccarthy","Alvito"),("Colette Becker","Athens"),
("Sarah Cardenas","Muridke"),("Marah Olson","Honolulu"),("Kirestin Roberts","Recanati"),
("Audra Mccarthy","Muridke"),("Velma Black","Stockholm"),("Melyssa Wright","Alvito"),
("Flavia Bowen","Monte Giberto"),("Kay Lara","Recanati"),("Velma Black","Episcopia"),
("Raya Gilmore","Stockholm"),("Glenna Cote","Bangor"),("Petra Lindsey","Paulatuk"),
("Alisa Cervantes","Gold Coast"),("Regan Mcgee","Angoulême"),("Alisa Cervantes","Guna"),
("Velma Black","Bangor"),("Indigo Velazquez","Jodhpur"),("Quin Cherry","Wolverhampton"),
("Kay Lara","Calmar"),("Rhoda Gamble","Cerchio"),("Kelsey Faulkner","Honolulu"),
("Rebekah Ballard","Macchia Valfortore"),("Ursula Hickman","Patna"),("Amela Wells","Wolverhampton"),
("Alyssa Blankenship","Ananindeua"),("Jillian Melton","Apeldoorn"),("Medge Casey","Avigliano Umbro"),
("Shelby Mcmahon","Honolulu"),("Chelsea Levy","Buken"),("Alyssa Beasley","Dro"),
("Noelle Hardin","Bailivre"),("Risa Becker","Stockton-on-Tees"),("Naida Buckner","Haverhill"),
("Celeste Dorsey","Prè-Saint-Didier"),("Jessica Velez","Guna"),("Sarah Cardenas","Castellina in Chianti"),
("Rama Mayer","Bocchigliero"),("Sandra Love","Ceppaloni"),("Cleo Bright","Aiseau"),
("Jocelyn Larsen","Satna"),("Isabelle Beasley","Ajmer"),("Sandra Love","Spijkenisse"),
("Haley Love","Athens"),("Kelsey Faulkner","Ananindeua"),("Rhoda Gamble","Buken"),
("Glenna Cote","Minto"),("Imogene Stafford","Tomé"),("Flavia Bowen","Chippenham"),
("Rachel Cardenas","Caen"),("Ramona Schroeder","Leke"),("Anika Owens","Hattem"),
("Imani Clayton","Bailivre"),("Haley Holloway","Episcopia"),("Ori Montgomery","Hudson Bay"),
("Gay Payne","San Ignacio"),("Rebekah Ballard","LouveignŽ"),("Scarlett Blevins","Caen"),
("Whilemina Lowe","Macchia Valfortore"),("Kylee William","Prè-Saint-Didier"),("Phyllis Allison","Castellina in Chianti"),
("Maya Cameron","Allentown"),("Echo Sullivan","Campbelltown"),("Lois Fuller","Rocca Santo Stefano"),
("Mariko Bush","Gold Coast"),("Moana Lowe","Birecik"),("Virginia Rocha","Ananindeua"),
("Maya Cameron","Bailivre"),("Alyssa Blankenship","Ajmer"),("Scarlett Blevins","San Ignacio"),
("Chelsea Levy","Prè-Saint-Didier"),("Kirestin Roberts","Stockton-on-Tees");

use empresa_portuaria;